{
  "scene": {
    "frame": 6,
    "unit_scale_length": 1.0
  },
  "cameras": [
    {
      "name": "Camera",
      "location": [
        7.358891487121582,
        -6.925790786743164,
        4.958309173583984
      ],
      "gaze": [
        -0.6515582203865051,
        0.6141703724861145,
        -0.44527140259742737
      ],
      "up": [
        -0.32401347160339355,
        0.3054208755493164,
        0.8953956365585327
      ],
      "focal_length_mm": 50.0,
      "sensor_width_mm": 37.0,
      "sensor_height_mm": 24.0,
      "film_resolution": {
        "x": 1080,
        "y": 720
      }
    }
  ],
  "point_lights": [
    {
      "name": "Light",
      "location": [
        4.076245307922363,
        1.0054539442062378,
        5.903861999511719
      ],
      "radiant_intensity": 1000.0
    }
  ],
  "spheres": [
    {
      "name": "Sphere.001",
      "location": [
        0.0640796422958374,
        -1.2087146043777466,
        1.8791918754577637
      ],
      "radius": 0.999999621431048
    },
    {
      "name": "Sphere.002",
      "location": [
        4.433523178100586,
        -1.728447437286377,
        0.9075817465782166
      ],
      "radius": 0.9999996170717486
    },
    {
      "name": "Sphere.003",
      "location": [
        0.03796672821044922,
        5.0593791007995605,
        0.19854068756103516
      ],
      "radius": 0.9999996341024466
    },
    {
      "name": "Sphere.006",
      "location": [
        -3.134047746658325,
        -0.041970252990722656,
        -4.3444695472717285
      ],
      "radius": 0.9999995930022704
    }
  ],
  "cubes": [],
  "planes": [],
  "notes": []
}