{
  "planes": [
    {
      "name": "Plane",
      "corners": [
        [
          -7.3079071044921875,
          -6.560744762420654,
          0.19854068756103516
        ],
        [
          4.6920928955078125,
          -6.560744762420654,
          0.19854068756103516
        ],
        [
          4.6920928955078125,
          5.439255237579346,
          0.19854068756103516
        ],
        [
          -7.3079071044921875,
          5.439255237579346,
          0.19854068756103516
        ]
      ],
      "texture": "textures/checker_red_yellow_1024.ppm",
      "uv_scale": [
        1.0,
        1.0
      ],
      "uv_offset": [
        0.0,
        0.0
      ]
    }
  ],
  "spheres": [
    {
      "name": "Sphere.001",
      "location": [
        3.115420341491699,
        -1.949138879776001,
        3.1815907955169678
      ],
      "radius": 0.9999996229263314
    },
    {
      "name": "Sphere.002",
      "location": [
        0.8810609579086304,
        -1.4144656658172607,
        3.246441602706909
      ],
      "radius": 0.9999996274184693
    },
    {
      "name": "Sphere.003",
      "location": [
        0.03796672821044922,
        -3.6850974559783936,
        3.1623241901397705
      ],
      "radius": 0.9999996371205535
    }
  ],
  "cubes": [
    {
      "name": "Cube",
      "translation": [
        3.5095417499542236,
        0.7621841430664062,
        2.015566110610962
      ],
      "rotation_euler_xyz_radians": [
        0.0,
        -0.0,
        0.0
      ],
      "scale_1d": 1.0
    }
  ],
  "point_lights": [
    {
      "name": "Light.001",
      "location": [
        7.937140941619873,
        -7.274895191192627,
        9.996411323547363
      ],
      "radiant_intensity": 1000.0
    },
    {
      "name": "Light",
      "location": [
        5.718332290649414,
        -3.0159924030303955,
        12.312544822692871
      ],
      "radiant_intensity": 1000.0
    }
  ],
  "cameras": [
    {
      "name": "Camera",
      "location": [
        17.033679962158203,
        -0.8356367349624634,
        6.049248695373535
      ],
      "gaze": [
        -0.9591131210327148,
        -4.3059468879391716e-08,
        -0.283022940158844
      ],
      "up": [
        -0.283022940158844,
        -8.524005501442389e-09,
        0.9591131210327148
      ],
      "focal_length_mm": 50.0,
      "sensor_width_mm": 37.0,
      "sensor_height_mm": 24.0,
      "film_resolution": {
        "x": 1080,
        "y": 720
      }
    }
  ]
}